,name
392,驰宏锌锗
466,天地科技
1977,中金岭南
3405,神州泰岳
1068,和邦生物
454,安阳钢铁
2655,大东南
2015,东旭光电
1849,和辉光电
2213,锌业股份
209,鑫科材料
151,莲花健康
2734,巨力索具
3633,美晨生态
807,重庆钢铁
2661,美邦服饰
2133,铜陵有色
3720,旋极信息
274,宏达股份
834,中国一重
208,中恒集团
3491,金通灵
3049,京威股份
2566,澳洋健康
2899,天汽模
387,鹏欣资源
3852,金科文化
3662,兴源环境
2317,景峰医药
3515,保力新
2896,协鑫集成
897,怡球资源
3672,三丰智能
987,新集能源
3693,蓝盾股份
2400,鸿达兴业
3009,融钰集团
253,酒钢宏兴
1966,东旭蓝天
2366,佛塑科技
3494,国联水产
2527,恒星科技
3557,新研股份
2333,中国铁物
3697,长方集团
3751,蒙草生态
2554,常铝股份
2825,太安堂
2373,中银绒业
2632,奥特佳
6,包钢股份
3551,科融环境
3017,华西能源
2067,金浦钛业
2810,康盛股份
3705,吉艾科技
3516,嘉寓股份
3507,吉药控股
825,中铝国际
3613,东方电热
